mode,rho,n,S_dir,lynn_metric,phi_direct,input_added
binary,0.5,0,0.6106280088424683,0.0,0.0,-1
binary,0.5,1,0.5933653116226196,0.02827039862218655,0.030998238234149322,19
binary,0.5,2,0.5845456123352051,0.04271405197528697,0.04683557443851047,274
binary,0.5,3,0.5791608691215515,0.05153242115533999,0.05650483705957007,174
binary,0.5,4,0.5754863619804382,0.057550008111560406,0.06310306712192364,154
binary,0.5,5,0.5729032754898071,0.06178022102879575,0.0677414576003206,297
binary,0.5,6,0.5710094571113586,0.0648816483315467,0.07114214478840715,170
binary,0.5,7,0.5695491433143616,0.06727314327748818,0.07376439752211565,223
binary,0.5,8,0.5684466361999512,0.06907867315565469,0.07574414482070367,184
binary,0.5,9,0.5675616264343262,0.07052801670493385,0.07733333700805485,168
binary,0.5,10,0.5668187141418457,0.07174465315416709,0.07866736794980762,95
binary,0.5,11,0.5662177205085754,0.07272887533947027,0.07974655873813345,187
binary,0.5,12,0.5657018423080444,0.07357370753363857,0.08067290965283742,270
binary,0.5,13,0.565261721611023,0.07429447482673375,0.08146322451756001,295
binary,0.5,14,0.564887285232544,0.07490767365328087,0.08213559152462764,96
binary,0.5,15,0.5644868016242981,0.0755635289407005,0.08285473095800672,236
binary,0.5,16,0.5641356706619263,0.07613856146015116,0.08348524895205883,305
binary,0.5,17,0.5638229846954346,0.07665063421469846,0.08404673212924393,175
binary,0.5,18,0.5635450482368469,0.07710579915073622,0.08454581639443914,29
binary,0.5,19,0.5632418394088745,0.07760235159114456,0.0850902816865361,307
binary,0.5,20,0.5629662275314331,0.07805370965767654,0.08558519175350214,3
binary,0.5,21,0.5626851320266724,0.07851404803176061,0.08608994864706007,273
binary,0.5,22,0.5624303817749023,0.07893124188477914,0.08654739796068743,161
binary,0.5,23,0.5621969103813171,0.07931358824001394,0.08696663730590931,268
binary,0.5,24,0.5619548559188843,0.07970999072880858,0.08740128907536197,82
binary,0.5,25,0.5617439150810242,0.08005543973344885,0.08778007080697808,317
binary,0.5,26,0.5615200400352478,0.08042207055046748,0.08818207820566416,157
binary,0.5,27,0.561316967010498,0.08075463476601126,0.08854673188173538,281
binary,0.5,28,0.5611083507537842,0.08109627690114575,0.08892133941512231,248
binary,0.5,29,0.5609090328216553,0.08142269155825711,0.08927925015559257,252
binary,0.5,30,0.5607147216796875,0.08174090680412524,0.08962817031526153,150
binary,0.5,31,0.5605126619338989,0.08207181161501266,0.08999100446902773,276
binary,0.5,32,0.5603272318840027,0.08237548266712792,0.0903239770508468,319
binary,0.5,33,0.5601510405540466,0.08266402385325865,0.09064035987047302,240
binary,0.5,34,0.5599698424339294,0.08296076445063261,0.09096573327090053,314
binary,0.5,35,0.5597931146621704,0.08325018414511083,0.09128307936704116,146
binary,0.5,36,0.5596210360527039,0.08353199010057749,0.09159207706672348,42
binary,0.5,37,0.5594538450241089,0.08380579186887814,0.09189229824705214,27
binary,0.5,38,0.5592886209487915,0.08407637243990466,0.09218898741349459,10
binary,0.5,39,0.5591296553611755,0.08433670374687714,0.09247443835393543,99
binary,0.5,40,0.5589655637741089,0.08460542968917008,0.0927690939366252,24
binary,0.5,41,0.5588105320930481,0.08485931860159432,0.09304748084929361,5
binary,0.5,42,0.5586510896682739,0.08512043080487568,0.09333378803552506,167
binary,0.5,43,0.5585049986839294,0.08535967791150843,0.09359612033961973,255
binary,0.5,44,0.5583550930023193,0.08560517218861223,0.09386530261003918,215
binary,0.5,45,0.5582110285758972,0.08584110048593226,0.09412399586952382,41
binary,0.5,46,0.5580676198005676,0.08607595505082756,0.09438151179104638,58
binary,0.5,47,0.5579310059547424,0.08629968184332136,0.0946268262100529,149
binary,0.5,48,0.5577910542488098,0.0865288749099773,0.09487813434959362,16
binary,0.5,49,0.5576561093330383,0.08674986856539,0.09512045190833306,160
binary,0.5,50,0.5575242638587952,0.08696578639479502,0.0953572038694336,193
binary,0.5,320,0.5497797131538391,0.09964871379545084,0.10926391987744233,-1
gaussian,0.5,0,0.677807629108429,0.0,0.0,-1
gaussian,0.5,1,0.6818461418151855,-0.005958198953984554,-0.00611332760371467,25
gaussian,0.5,2,0.6817792654037476,-0.0058595331842794295,-0.006012092955771819,44
gaussian,0.5,3,0.6817520260810852,-0.005819345789666915,-0.005970859235531281,304
gaussian,0.5,4,0.681719958782196,-0.005772035465155902,-0.005922317131615726,105
gaussian,0.5,5,0.6816946864128113,-0.005734750004946479,-0.005884060901020566,90
gaussian,0.5,6,0.6816672682762146,-0.005694298798115501,-0.005842556499903177,65
gaussian,0.5,7,0.6816426515579224,-0.005657980649373776,-0.005805292765856476,197
gaussian,0.5,8,0.6816165447235107,-0.0056194640654781925,-0.005765773357836006,257
gaussian,0.5,9,0.6815966367721558,-0.005590092971822657,-0.005735637553546422,295
gaussian,0.5,10,0.6815724968910217,-0.005554478322330165,-0.005699095635171329,312
gaussian,0.5,11,0.6815527677536011,-0.005525371040893092,-0.005669230511758599,7
gaussian,0.5,12,0.6815292239189148,-0.005490635765462144,-0.005633590862973014,77
gaussian,0.5,13,0.6815098524093628,-0.005462056108461997,-0.005604267101313988,209
gaussian,0.5,14,0.6814879775047302,-0.0054297830804033685,-0.005571153807379027,126
gaussian,0.5,15,0.6814690232276917,-0.005401818985246301,-0.005542461634432658,306
gaussian,0.5,16,0.681448757648468,-0.0053719202671538395,-0.005511784468389369,1
gaussian,0.5,17,0.681430995464325,-0.0053457149201198585,-0.005484896834622017,292
gaussian,0.5,18,0.6814113855361938,-0.005316783513495094,-0.005455212165127188,88
gaussian,0.5,19,0.6813942193984985,-0.0052914575405226556,-0.005429226800949345,20
gaussian,0.5,20,0.6813751459121704,-0.00526331757055328,-0.005400354174085073,247
gaussian,0.5,21,0.6813579797744751,-0.005237991597580842,-0.005374368809907229,228
gaussian,0.5,22,0.6813390254974365,-0.005210027502423774,-0.00534567663696086,79
gaussian,0.5,23,0.6813230514526367,-0.005186460277574422,-0.005321495811962032,120
gaussian,0.5,24,0.6813079714775085,-0.005164212113817385,-0.005298668391347468,84
gaussian,0.5,25,0.6812922358512878,-0.005140996638592649,-0.005274848474184445,298
gaussian,0.5,26,0.6812793612480164,-0.0051220021588633214,-0.005255359451051061,70
gaussian,0.5,27,0.6812660098075867,-0.005102304179884758,-0.005235148612246072,273
gaussian,0.5,28,0.6812534928321838,-0.0050838373245923555,-0.005216200950866393,157
gaussian,0.5,29,0.6812403202056885,-0.005064403157832255,-0.005196260792938256,152
gaussian,0.5,30,0.6812281608581543,-0.005046463926976778,-0.005177854493312283,316
gaussian,0.5,31,0.6812151670455933,-0.0050272935724351405,-0.005158185016260999,4
gaussian,0.5,32,0.6812032461166382,-0.005009706091204281,-0.005140139624470829,224
gaussian,0.5,33,0.6811906695365906,-0.004991151298505724,-0.005121101736132201,28
gaussian,0.5,34,0.6811789870262146,-0.004973915566899481,-0.005103417252177834,188
gaussian,0.5,35,0.6811665296554565,-0.004955536649013232,-0.0050845598177571075,218
gaussian,0.5,36,0.6811554431915283,-0.004939180291468533,-0.005067777603392249,166
gaussian,0.5,37,0.6811438798904419,-0.004922120434674599,-0.005050273573355785,249
gaussian,0.5,38,0.6811332106590271,-0.004906379638972979,-0.005034122947703583,68
gaussian,0.5,39,0.6811221837997437,-0.004890111218834434,-0.005017430960297676,229
gaussian,0.5,40,0.6811113953590393,-0.004874194548320505,-0.0050010998807275735,87
gaussian,0.5,41,0.6811003684997559,-0.00485792612818196,-0.004984407893321666,100
gaussian,0.5,42,0.681090235710144,-0.004842976769135729,-0.004969069310300022,220
gaussian,0.5,43,0.6810799837112427,-0.00482785153527719,-0.004953550273360477,154
gaussian,0.5,44,0.6810699105262756,-0.004812990113637113,-0.004938301917297784,60
gaussian,0.5,45,0.6810595393180847,-0.004797689004966265,-0.004922602426440336,243
gaussian,0.5,46,0.6810500025749207,-0.004783619019981577,-0.0049081661130082,3
gaussian,0.5,47,0.6810401678085327,-0.004769109347966117,-0.004893278664781311,191
gaussian,0.5,48,0.6810308694839478,-0.004755391112606047,-0.0048792032591849785,32
gaussian,0.5,49,0.6810219883918762,-0.004742288439089057,-0.004865759442301302,9
gaussian,0.5,50,0.6810128688812256,-0.0047288340159474486,-0.004851954717581822,144
gaussian,0.5,320,0.6807901263237,-0.004400211929148832,-0.0045147765719825055,-1
uniform,0.5,0,0.6059352159500122,0.0,0.0,-1
uniform,0.5,1,0.6090663075447083,-0.0051673702275035795,-0.006952755253114915,272
uniform,0.5,2,0.6090028882026672,-0.005062706658904775,-0.006811929234396173,113
uniform,0.5,3,0.6089504957199097,-0.00497624117319204,-0.006695588942616309,25
uniform,0.5,4,0.6088942289352417,-0.004883381766465281,-0.0065706455575876505,218
uniform,0.5,5,0.6088575720787048,-0.004822885436871047,-0.006489247059925971,306
uniform,0.5,6,0.6088166236877441,-0.004755306610153586,-0.0063983189820502415,126
uniform,0.5,7,0.6087847352027893,-0.0047026797218073825,-0.006327508906848618,44
uniform,0.5,8,0.6087510585784912,-0.0046471017929931675,-0.006252728173224474,18
uniform,0.5,9,0.6087205410003662,-0.004596737369005773,-0.006184962269480117,224
uniform,0.5,10,0.6086889505386353,-0.004544602320737571,-0.006114813970682247,166
uniform,0.5,11,0.6086653470993042,-0.004505648586559821,-0.00606240127950497,144
uniform,0.5,12,0.6086384057998657,-0.0044611862435084484,-0.006002576692605654,197
uniform,0.5,13,0.6086156368255615,-0.004423609661549103,-0.005952016975358888,304
uniform,0.5,14,0.6085945963859558,-0.004388885752042169,-0.005905295561253892,68
uniform,0.5,15,0.6085748076438904,-0.004356227570862843,-0.0058613536080446595,13
uniform,0.5,16,0.6085549592971802,-0.004323471021667916,-0.005817279299554678,96
uniform,0.5,17,0.6085366606712341,-0.0042932720408786,-0.005776646228364213,229
uniform,0.5,18,0.6085192561149597,-0.0042645485803232885,-0.00573799848638501,38
uniform,0.5,19,0.6085027456283569,-0.004237300640001983,-0.005701336073617066,90
uniform,0.5,20,0.6084854602813721,-0.004208773915477873,-0.005662953042199364,152
uniform,0.5,21,0.6084708571434021,-0.00418467375165578,-0.005630525998415442,86
uniform,0.5,22,0.608455240726471,-0.00415890133156848,-0.0055958489148587595,1
uniform,0.5,23,0.6084408164024353,-0.004135096271793188,-0.005563818936917091,106
uniform,0.5,24,0.6084251999855042,-0.004109323851705888,-0.005529141853360408,201
uniform,0.5,25,0.6084110736846924,-0.004086010632008598,-0.005497773651822493,227
uniform,0.5,26,0.6083959937095642,-0.004061123524061702,-0.005464287765792566,286
uniform,0.5,27,0.6083819270133972,-0.0040379086723800126,-0.005433051919535401,7
uniform,0.5,28,0.608367383480072,-0.00401390687657352,-0.005400757231032231,108
uniform,0.5,29,0.6083531975746155,-0.003990495288860629,-0.0053692566742135645,212
uniform,0.5,30,0.6083388328552246,-0.003966788597100937,-0.0053373590515526466,157
uniform,0.5,31,0.6083254814147949,-0.003944754161606452,-0.005307711468664491,3
uniform,0.5,32,0.6083115339279175,-0.003921736045955963,-0.005276740332968827,135
uniform,0.5,33,0.6082980036735535,-0.0038994065064146765,-0.0052466956842384185,305
uniform,0.5,34,0.6082841753959656,-0.0038765851267953885,-0.005215989259104256,191
uniform,0.5,35,0.6082713603973389,-0.0038554360034413065,-0.005187532873742857,51
uniform,0.5,36,0.6082582473754883,-0.003833795040009223,-0.0051584147119777025,172
uniform,0.5,37,0.6082460284233093,-0.003813629596811145,-0.0051312818794238095,26
uniform,0.5,38,0.6082329750061035,-0.0037920870013946617,-0.005102296072939407,249
uniform,0.5,39,0.608220636844635,-0.003771724822165383,-0.005074898529824012,131
uniform,0.5,40,0.6082077026367188,-0.0037503789627801004,-0.005046177433901111,116
uniform,0.5,41,0.608195424079895,-0.003730115151566422,-0.005018912246066467,263
uniform,0.5,42,0.6081835627555847,-0.0037105399164619464,-0.004992573545197079,256
uniform,0.5,43,0.6081714034080505,-0.003690472841279469,-0.004965573067923936,49
uniform,0.5,44,0.6081600785255432,-0.0036717829183153966,-0.004940425564581304,311
uniform,0.5,45,0.6081483364105225,-0.0036524044192421216,-0.004914351574273416,84
uniform,0.5,46,0.608137309551239,-0.003634206336356051,-0.004889865847334537,292
uniform,0.5,47,0.6081263422966003,-0.0036161066214855813,-0.004865512475676409,147
uniform,0.5,48,0.6081159114837646,-0.003598892218755515,-0.004842350301545036,47
uniform,0.5,49,0.6081053614616394,-0.0035814810799942474,-0.004818923416852162,120
uniform,0.5,50,0.6080948114395142,-0.00356406994123298,-0.004795496532159289,45
uniform,0.5,320,0.6077679395675659,-0.0030246197436804944,-0.004069660172522462,-1
lognormal,0.5,0,0.6057586669921875,0.0,0.0,-1
lognormal,0.5,1,0.5793774127960205,0.04355076639210056,0.04486608712880405,19
lognormal,0.5,2,0.5674346685409546,0.06326611658983854,0.06517688055509471,295
lognormal,0.5,3,0.5607541799545288,0.07429441705080733,0.07653825787070044,174
lognormal,0.5,4,0.5568196177482605,0.08078968062797552,0.0832296914715253,3
lognormal,0.5,5,0.5541138052940369,0.08525649654273407,0.08783141421081186,274
lognormal,0.5,6,0.5521568655967712,0.08848705650646112,0.09115954358292078,168
lognormal,0.5,7,0.5506661534309387,0.09094795759968764,0.09369476883866042,96
lognormal,0.5,8,0.5495721697807312,0.09275393035718783,0.09555528560570742,154
lognormal,0.5,9,0.5487136244773865,0.09417123620872063,0.09701539694451884,95
lognormal,0.5,10,0.5479403734207153,0.09544773640393965,0.09833045001299986,236
lognormal,0.5,11,0.5470951199531555,0.09684309979470515,0.099767956184597,184
lognormal,0.5,12,0.5463981628417969,0.09799365223305373,0.10095325762063712,297
lognormal,0.5,13,0.5458115339279175,0.09896207240736543,0.10195092603195217,270
lognormal,0.5,14,0.5452101230621338,0.09995489495957077,0.10297373382205266,268
lognormal,0.5,15,0.5446248054504395,0.10092115040681125,0.10396917212718514,170
lognormal,0.5,16,0.5441259741783142,0.10174463226403688,0.10481752479273032,99
lognormal,0.5,17,0.5435841679573059,0.10263905813118718,0.10573896411998636,273
lognormal,0.5,18,0.543094277381897,0.10344778048565455,0.10657211151610486,240
lognormal,0.5,19,0.5425803065299988,0.10429625510088415,0.10744621177121255,307
lognormal,0.5,20,0.5421357154846191,0.1050301959747097,0.10820231913556928,150
lognormal,0.5,21,0.5416488647460938,0.10583390009823924,0.10903029674008273,281
lognormal,0.5,22,0.5412142276763916,0.1065514087256606,0.10976947557114444,223
lognormal,0.5,23,0.5408079624176025,0.10722208053099574,0.1104604030138922,319
lognormal,0.5,24,0.5403981804847717,0.10789855774074913,0.11115731119594778,201
lognormal,0.5,25,0.5400155782699585,0.10853016606211743,0.1118079953589463,125
lognormal,0.5,26,0.5396239757537842,0.10917663228292904,0.11247398615983432,42
lognormal,0.5,27,0.5392431020736694,0.10980538710043074,0.11312173063741034,146
lognormal,0.5,28,0.5388508439064026,0.11045293568477796,0.11378883649138966,10
lognormal,0.5,29,0.5384822487831116,0.11106142078515832,0.11441569906561973,82
lognormal,0.5,30,0.5381419658660889,0.11162316746013753,0.11499441161999867,187
lognormal,0.5,31,0.5377791523933411,0.11222210808206756,0.11561144145333282,58
lognormal,0.5,32,0.5374555587768555,0.11275630368523136,0.11616177083811534,317
lognormal,0.5,33,0.5371091961860657,0.1133280868220862,0.11675082297570442,128
lognormal,0.5,34,0.5367929339408875,0.11385017963298824,0.11728868403955707,248
lognormal,0.5,35,0.536483645439148,0.11436076003173884,0.11781468499325691,175
lognormal,0.5,36,0.5361693501472473,0.11487960575203406,0.11834920089783568,314
lognormal,0.5,37,0.5358689427375793,0.11537552504471145,0.1188600979505717,224
lognormal,0.5,38,0.5355644822120667,0.1158781353119726,0.11937788805878113,316
lognormal,0.5,39,0.5352870225906372,0.1163361718809038,0.11984975825332204,310
lognormal,0.5,40,0.5350096225738525,0.11679411005314995,0.12032152707940011,16
lognormal,0.5,41,0.5347245931625366,0.11726464300108315,0.12080627106872226,308
lognormal,0.5,42,0.5344464778900146,0.11772376193354997,0.12127925631635444,257
lognormal,0.5,43,0.5341691374778748,0.11818160170911106,0.12175092377396966,161
lognormal,0.5,44,0.5339008569717407,0.1186244851885438,0.12220718322523252,24
lognormal,0.5,45,0.533647358417511,0.11904296629008287,0.12263830329770996,167
lognormal,0.5,46,0.5333783626556396,0.11948703052973626,0.12309577917052696,5
lognormal,0.5,47,0.5331373810768127,0.11988484832741379,0.12350561186580707,183
lognormal,0.5,48,0.5328874588012695,0.12029742562784956,0.12393064983051383,93
lognormal,0.5,49,0.5326467156410217,0.12069484983878687,0.12434007705194255,276
lognormal,0.5,50,0.5324105620384216,0.12108469750497494,0.12474169890173226,104
lognormal,0.5,320,0.515315055847168,0.149306342729036,0.1538156945724626,-1
half_normal,0.5,0,0.6064389944076538,0.0,0.0,-1
half_normal,0.5,1,0.6053330898284912,0.0018236040052846578,0.001926081759388591,19
half_normal,0.5,2,0.6024428606033325,0.0065895066794386436,0.006959805188986132,95
half_normal,0.5,3,0.6006110310554504,0.00961013952919683,0.01015018304342666,317
half_normal,0.5,4,0.5993337631225586,0.01171631664621984,0.012374717161241586,96
half_normal,0.5,5,0.5983919501304626,0.013269338468333825,0.014015011323152717,145
half_normal,0.5,6,0.5976797342300415,0.014443761463868285,0.015255431229530547,168
half_normal,0.5,7,0.597119927406311,0.01536686639098015,0.016230410203561897,274
half_normal,0.5,8,0.5966906547546387,0.016074724321672187,0.01697804633760936,240
half_normal,0.5,9,0.5963431596755981,0.016647733449127698,0.017583255815739978,41
half_normal,0.5,10,0.5960491895675659,0.01713248147942111,0.018095244348525604,170
half_normal,0.5,11,0.5958049893379211,0.01753516044943573,0.018520551935472626,154
half_normal,0.5,12,0.5955946445465088,0.017882012801200824,0.018886895717346204,290
half_normal,0.5,13,0.5954198837280273,0.018170188232024074,0.019191265218183078,295
half_normal,0.5,14,0.5952680110931396,0.018420621723749055,0.01945577186488579,270
half_normal,0.5,15,0.5951365232467651,0.01863744130096464,0.019684775657125266,220
half_normal,0.5,16,0.595022976398468,0.018824676701959968,0.019882532785056455,149
half_normal,0.5,17,0.5949252247810364,0.018985866233525495,0.02005278039125443,27
half_normal,0.5,18,0.5948361754417419,0.019132705965329705,0.020207871808120153,181
half_normal,0.5,19,0.5947582125663757,0.01926126444538319,0.020343654655014635,229
half_normal,0.5,20,0.5946889519691467,0.01937547312567535,0.020464281312576865,187
half_normal,0.5,21,0.5946254134178162,0.019480246321192943,0.020574942256605548,29
half_normal,0.5,22,0.5945709347724915,0.019570079999150808,0.02066982415420613,64
half_normal,0.5,23,0.5945227742195129,0.019649495329336752,0.020753702243113428,260
half_normal,0.5,24,0.5944789052009583,0.01972183404594177,0.020830106046870567,8
half_normal,0.5,25,0.594431459903717,0.019800069940530893,0.020912738421586172,236
half_normal,0.5,26,0.5943882465362549,0.019871327507838824,0.020988000320667596,160
half_normal,0.5,27,0.5943484306335449,0.019936982756061858,0.021057345077338478,175
half_normal,0.5,28,0.5943120718002319,0.019996937398900256,0.02112066888208285,131
half_normal,0.5,29,0.5942779779434204,0.02005315716234872,0.021180047925220193,307
half_normal,0.5,30,0.5942421555519104,0.0201122272284895,0.02124243744432079,223
half_normal,0.5,31,0.5942104458808899,0.020164515539948566,0.021297664106819162,150
half_normal,0.5,32,0.5941771864891052,0.020219359295200738,0.021355589816732863,184
half_normal,0.5,33,0.594148576259613,0.020266536719073577,0.021405418384400566,219
half_normal,0.5,34,0.5941206216812134,0.02031263299364933,0.02145410504739255,228
half_normal,0.5,35,0.594092845916748,0.020358434409325877,0.021502480281836607,297
half_normal,0.5,36,0.594066858291626,0.02040128723601037,0.021547741230801436,58
half_normal,0.5,37,0.5940402150154114,0.02044522121199195,0.021594144084441984,110
half_normal,0.5,38,0.5940160155296326,0.020485125449684394,0.02163629074792758,135
half_normal,0.5,39,0.5939922332763672,0.02052434168327869,0.021677710744801355,42
half_normal,0.5,40,0.5939686298370361,0.02056326305797378,0.02171881931312721,311
half_normal,0.5,41,0.5939462184906006,0.02060021870667417,0.021757851691133576,305
half_normal,0.5,42,0.5939228534698486,0.02063874693617032,0.02179854502139553,23
half_normal,0.5,43,0.5939005613327026,0.020675506012271243,0.021837369780369948,3
half_normal,0.5,44,0.5938777327537537,0.020713149665069777,0.021877128824988133,319
half_normal,0.5,45,0.5938555598258972,0.020749712168571226,0.0219157459649306,119
half_normal,0.5,46,0.5938337445259094,0.020785684954274266,0.021953740247777225,140
half_normal,0.5,47,0.5938122868537903,0.020821068022178892,0.021991111673528,82
half_normal,0.5,48,0.5937913656234741,0.020855566513385906,0.022027548813635008,268
half_normal,0.5,49,0.5937705039978027,0.020889966718293185,0.022063882144226037,190
half_normal,0.5,50,0.5937502384185791,0.02092338406020311,0.022099177379657328,116
half_normal,0.5,320,0.5927909016609192,0.022505302054439208,0.023769991539264925,-1
exponential,0.5,0,0.6041556596755981,0.0,0.0,-1
exponential,0.5,1,0.5829622745513916,0.03507934550441247,0.035919348263384325,19
exponential,0.5,2,0.5735793113708496,0.05061005026612931,0.0518219480722017,174
exponential,0.5,3,0.5686230063438416,0.058813739079819065,0.06022208072308845,295
exponential,0.5,4,0.5658866763114929,0.063342919579126,0.06485971604276312,274
exponential,0.5,5,0.5639951229095459,0.06647382362952038,0.06806559207460673,168
exponential,0.5,6,0.5626391172409058,0.06871828769589731,0.07036380161374149,96
exponential,0.5,7,0.5616207718849182,0.07040385554530611,0.07208973172258183,3
exponential,0.5,8,0.560901403427124,0.07159455606473922,0.07330894451061776,95
exponential,0.5,9,0.5601767897605896,0.07279393846715436,0.07453704707621167,236
exponential,0.5,10,0.5594643354415894,0.07397319468629299,0.075744541521103,184
exponential,0.5,11,0.5589173436164856,0.07487857696045304,0.07667160389212013,270
exponential,0.5,12,0.5584399104118347,0.07566882562734004,0.07748077569029461,268
exponential,0.5,13,0.5578880310058594,0.07658229783791516,0.0784161217176726,297
exponential,0.5,14,0.5574323534965515,0.07733653642197898,0.0791884211430214,154
exponential,0.5,15,0.5569199323654175,0.07818469719466656,0.08005689179831553,150
exponential,0.5,16,0.5564956068992615,0.07888704179636051,0.08077605459871555,273
exponential,0.5,17,0.5560166239738464,0.07967985556503766,0.08158785292207761,223
exponential,0.5,18,0.5555956363677979,0.08037667533210668,0.08230135859130439,170
exponential,0.5,19,0.5552040338516235,0.08102485682292412,0.0829650613021666,307
exponential,0.5,20,0.5547848343849182,0.08171871685715835,0.08367553636540769,99
exponential,0.5,21,0.5544010400772095,0.0823539741812639,0.08432600543013247,319
exponential,0.5,22,0.5540035963058472,0.08301182413267495,0.08499960812054788,201
exponential,0.5,23,0.5536456108093262,0.08360436264619847,0.08560633543887947,82
exponential,0.5,24,0.5533291101455688,0.08412823535795502,0.08614275269834344,24
exponential,0.5,25,0.553011417388916,0.08465408122493476,0.08668119036179787,281
exponential,0.5,26,0.5526977777481079,0.08517321836415566,0.08721275865168479,42
exponential,0.5,27,0.5523796081542969,0.08569985349322468,0.0877520044767354,146
exponential,0.5,28,0.5521009564399719,0.086161078526645,0.08822427390950265,248
exponential,0.5,29,0.551807165145874,0.0866473626313998,0.0887222024729486,187
exponential,0.5,30,0.5515355467796326,0.08709694604900331,0.08918255152217221,10
exponential,0.5,31,0.5512502193450928,0.08756922075167348,0.08966613521728597,317
exponential,0.5,32,0.5509822368621826,0.08801278604584627,0.09012032203433872,240
exponential,0.5,33,0.5507041811943054,0.08847302450165498,0.09059158126511074,224
exponential,0.5,34,0.550443708896637,0.08890415891792168,0.09103303953702367,252
exponential,0.5,35,0.5501722097396851,0.08935354502000287,0.09149318654584823,257
exponential,0.5,36,0.5499232411384583,0.08976563848836579,0.09191514791925333,125
exponential,0.5,37,0.549682080745697,0.09016480779001682,0.09232387564652099,128
exponential,0.5,38,0.5494356155395508,0.09057275763241104,0.09274159417154615,276
exponential,0.5,39,0.5492008328437805,0.09096137055361803,0.0931395127374649,58
exponential,0.5,40,0.5489709973335266,0.09134179488064878,0.0935290466268233,175
exponential,0.5,41,0.5487324595451355,0.09173662324080879,0.09393332946531198,314
exponential,0.5,42,0.54851895570755,0.09209001534128186,0.09429518382000125,149
exponential,0.5,43,0.5483014583587646,0.09245001751175261,0.09466380652805852,16
exponential,0.5,44,0.548090934753418,0.0927984767241677,0.09502060987277165,93
exponential,0.5,45,0.5478751063346863,0.09315571647732598,0.09538640401524229,183
exponential,0.5,46,0.5476760268211365,0.09348523339959847,0.09572381148164713,29
exponential,0.5,47,0.5474781394004822,0.09381277716664775,0.09605919854406153,272
exponential,0.5,48,0.5472809076309204,0.0941392356983243,0.09639347438428117,161
exponential,0.5,49,0.5470898747444153,0.09445543382284026,0.09671724412375049,115
exponential,0.5,50,0.5468974113464355,0.09477399973362405,0.09704343834800834,147
exponential,0.5,320,0.5329502820968628,0.11785932389836278,0.12068155891505455,-1
chi2,0.5,0,0.8815107941627502,0.0,0.0,-1
chi2,0.5,1,0.8807910680770874,0.0008164688287752961,0.0008289379803309042,19
chi2,0.5,2,0.8789786696434021,0.0028724827150337167,0.0029163514103865405,145
chi2,0.5,3,0.8778286576271057,0.00417707481295426,0.004240867302105337,220
chi2,0.5,4,0.8770098090171814,0.005105989824938941,0.005183968749209764,290
chi2,0.5,5,0.8764017224311829,0.005795813012613108,0.005884326950065738,274
chi2,0.5,6,0.8759291172027588,0.006331943972725681,0.006428645728206006,223
chi2,0.5,7,0.8755683898925781,0.006741158825872521,0.006844110130438937,248
chi2,0.5,8,0.8752738833427429,0.007075251785125419,0.007183305373570614,41
chi2,0.5,9,0.8750317692756653,0.007349909870631444,0.007462158050680687,183
chi2,0.5,10,0.8748268485069275,0.007582375281259143,0.00769817368433515,168
chi2,0.5,11,0.8746581077575684,0.0077737974969330865,0.007892519309371737,95
chi2,0.5,12,0.8745121359825134,0.007939390222537285,0.008060640975113385,157
chi2,0.5,13,0.8743937015533447,0.008073744140779646,0.008197046752911935,314
chi2,0.5,14,0.8742905855178833,0.008190720627221159,0.008315809709928288,120
chi2,0.5,15,0.8741999864578247,0.008293497655770928,0.008420156354243235,241
chi2,0.5,16,0.8741236329078674,0.008380114348910566,0.008508095861721817,154
chi2,0.5,17,0.8740559220314026,0.008456926654458288,0.008586081248525619,13
chi2,0.5,18,0.8739966750144958,0.008524137421812544,0.008654318461978946,8
chi2,0.5,19,0.8739437460899353,0.008584180843754778,0.008715278869973468,27
chi2,0.5,20,0.8738948702812195,0.00863962634599873,0.008771571138617056,317
chi2,0.5,21,0.8738523125648499,0.008687904502830662,0.008820586601801841,310
chi2,0.5,22,0.873813271522522,0.008732193288159674,0.00886555176760861,259
chi2,0.5,23,0.8737796545028687,0.00877032897506893,0.008904269864578103,81
chi2,0.5,24,0.873748242855072,0.008805962852730593,0.008940447944547824,190
chi2,0.5,25,0.8737189769744873,0.008839162537610815,0.008974154656625877,126
chi2,0.5,26,0.8736919164657593,0.008869860413243441,0.009005321351704157,240
chi2,0.5,27,0.8736674785614014,0.00889758316436542,0.00903346748602595,82
chi2,0.5,28,0.8736443519592285,0.00892381835323207,0.009060103339969504,308
chi2,0.5,29,0.8736227750778198,0.008948295513978792,0.009084954317102404,131
chi2,0.5,30,0.8736035823822021,0.008970068016079465,0.00910705932991123,39
chi2,0.5,31,0.8735851049423218,0.008991029120586327,0.00912834055342283,128
chi2,0.5,32,0.8735658526420593,0.009012869239153152,0.009150514215339757,260
chi2,0.5,33,0.8735474944114685,0.009033695110727711,0.009171658140635152,116
chi2,0.5,34,0.8735283613204956,0.009055399996362234,0.009193694504335876,149
chi2,0.5,35,0.8735103011131287,0.009075887785606036,0.009214495184090763,229
chi2,0.5,36,0.8734934329986572,0.009095023245526817,0.00923392288168361,121
chi2,0.5,37,0.8734768629074097,0.00911382062311684,0.00925300733373595,173
chi2,0.5,38,0.8734613656997681,0.009131400904316142,0.009270856101842454,169
chi2,0.5,39,0.8734453916549683,0.009149522117244653,0.009289254062813774,263
chi2,0.5,40,0.873430073261261,0.009166899549045503,0.009306896883595971,52
chi2,0.5,41,0.8734142184257507,0.009184885529041712,0.009325157546351086,225
chi2,0.5,42,0.8733991384506226,0.009201992494977955,0.009342525770700877,201
chi2,0.5,43,0.873384952545166,0.009218085213921933,0.009358864258429139,35
chi2,0.5,44,0.8733707666397095,0.00923417793286591,0.009375202746157399,295
chi2,0.5,45,0.8733572959899902,0.009249459254216073,0.009390717444588437,1
chi2,0.5,46,0.8733434081077576,0.009265213890829294,0.009406712686776189,283
chi2,0.5,47,0.8733302354812622,0.0092801571298487,0.009421884139666718,175
chi2,0.5,48,0.8733170032501221,0.009295167985334259,0.009437124241665347,256
chi2,0.5,49,0.873303234577179,0.009310787389015177,0.009452982185636895,3
chi2,0.5,50,0.8732910752296448,0.009324581148110016,0.00946698660368969,138
chi2,0.5,320,0.8726323246955872,0.01007187833201267,0.010225696546432312,-1
